{"x_center": 0.38300201007753704, "y_center": 0.12969395623135202, "scale": 5.7220458984375e-06, "px": 156, "py": 82, "max_iter": 710}