{"x_center": 0.38292354724080263, "y_center": 0.13004475502512558, "scale": 0.00146484375, "px": 143, "py": 78, "max_iter": 456}