{"x_center": 0.3992474916387959, "y_center": 0.1319095477386934, "scale": 0.09375, "px": 142, "py": 86, "max_iter": 100}