{"x_center": 0.38325668896321063, "y_center": 0.12845477386934667, "scale": 0.0234375, "px": 124, "py": 94, "max_iter": 294}