{"x_center": 0.3830010149391199, "y_center": 0.12969663993797106, "scale": 2.288818359375e-05, "px": 158, "py": 110, "max_iter": 710}