{"x_center": 0.3831783026755852, "y_center": 0.13088881909547734, "scale": 0.005859375, "px": 149, "py": 115, "max_iter": 456}