{"x_center": 0.41806020066889626, "y_center": 0.16582914572864316, "scale": 0.375, "px": 241, "py": 116, "max_iter": 100}