{"x_center": 0.3830068326714046, "y_center": 0.12970614792713564, "scale": 0.0003662109375, "px": 158, "py": 65, "max_iter": 456}