{"x_center": 0.3829958095997073, "y_center": 0.1296901990420854, "scale": 9.1552734375e-05, "px": 145, "py": 93, "max_iter": 710}